"Date","Category","Net worth","Assets","Real estate","Consumer durables","Corporate equities and mutual fund shares","Pension entitlements","Private businesses","Other assets","Liabilities","Home mortgages","Consumer credit","Other liabilities"
"1989:Q3","Silent",78.7,73.7,67.1,56.9,82.7,78,74,81,41.1,38.7,41.2,80.2
"1989:Q3","BabyBoom",20.9,25.8,32.3,40.9,17.1,21.9,25.6,18.5,57.3,60.4,55.2,19.6
"1989:Q3","GenX",0.4,0.5,0.6,2.3,0.2,0,0.4,0.4,1.5,0.9,3.6,0.2
"1989:Q3","Millennial",0,0,0,0,0,0,0,0,0,0,0,0
"1989:Q4","Silent",77.8,72.9,66.4,55.9,81.2,77.9,73.1,79.9,41.5,39.6,40,81.3
"1989:Q4","BabyBoom",21.2,25.9,31.5,41.5,18.6,21.8,26.2,19.4,56.5,59.1,55.6,18.6
"1989:Q4","GenX",1,1.1,2.1,2.6,0.2,0.3,0.6,0.7,2,1.3,4.4,0.1
"1989:Q4","Millennial",0,0,0,0,0,0,0,0,0,0,0,0
"1990:Q1","Silent",78.6,73.6,67.8,55.4,84.9,76.8,74.7,80.1,41.2,39.5,39.3,80.7
"1990:Q1","BabyBoom",20.9,25.7,31.5,41.4,15.1,22.7,25.2,19.3,56.7,59.4,55.4,19.3
"1990:Q1","GenX",0.5,0.7,0.7,3.1,0,0.5,0,0.6,2,1.1,5.2,0.1
"1990:Q1","Millennial",0,0,0,0,0,0,0,0,0,0,0,0
"1990:Q2","Silent",78.2,73.2,66.2,54.5,87.3,75.7,76.2,79.7,41.2,39.7,38.8,81.1
"1990:Q2","BabyBoom",20.9,25.7,31.5,42,12.7,23.9,23.8,19.6,55.6,57.9,55.3,18.8
"1990:Q2","GenX",0.9,1.2,2.3,3.5,0,0.4,0,0.7,3.1,2.4,5.9,0.1
"1990:Q2","Millennial",0,0,0,0,0,0,0,0,0,0,0,0
"1990:Q3","Silent",79.5,74.1,67.3,54.5,97.1,73.3,78.8,81.1,40.6,39.5,37.1,83.7
"1990:Q3","BabyBoom",19.9,25,32.1,41.8,2.9,25.7,21.2,18.2,56.8,59.1,56.6,16.2
"1990:Q3","GenX",0.6,0.8,0.6,3.7,0,1,0,0.7,2.5,1.4,6.3,0
"1990:Q3","Millennial",0,0,0,0,0,0,0,0,0,0,0,0
"1990:Q4","Silent",78.7,73.4,68.2,54.4,89.6,74.7,75.2,79.3,40.5,39.5,36.4,82.5
"1990:Q4","BabyBoom",20.8,25.9,31.8,41.7,10.4,24.7,24.8,19.7,57.2,59.8,56.1,17.4
"1990:Q4","GenX",0.4,0.7,0,3.9,0,0.6,0,1,2.3,0.7,7.5,0.1
"1990:Q4","Millennial",0,0,0,0,0,0,0,0,0,0,0,0
"1991:Q1","Silent",76.5,71.6,66.4,53.5,80.1,77.5,69.4,77.3,40.8,39.8,36.7,81.8
"1991:Q1","BabyBoom",22.7,27.3,32.5,42,19.9,22.5,29.7,21.4,56.6,59.4,54.5,18.1
"1991:Q1","GenX",0.9,1.1,1.1,4.5,0,0,0.9,1.4,2.6,0.8,8.8,0.1
"1991:Q1","Millennial",0,0,0,0,0,0,0,0,0,0,0,0
"1991:Q2","Silent",76.7,71.7,65.5,53.2,82.5,76.7,71.1,77.9,40.3,39.4,36,82.1
"1991:Q2","BabyBoom",22.4,27.1,33.1,42.2,17.5,22.9,28.5,20.9,56.6,59.3,54.6,17.8
"1991:Q2","GenX",0.9,1.2,1.4,4.6,0,0.5,0.4,1.3,3.1,1.3,9.5,0.1
"1991:Q2","Millennial",0,0,0,0,0,0,0,0,0,0,0,0
"1991:Q3","Silent",77,71.9,66.7,53.6,80.9,76.8,71,77.5,40.1,39.1,35.8,79.8
"1991:Q3","BabyBoom",22.4,27.2,33.3,41.7,19.1,22.5,28.5,21.1,57.3,60.2,54.8,20
"1991:Q3","GenX",0.6,0.9,0,4.6,0,0.7,0.5,1.4,2.7,0.7,9.5,0.1
"1991:Q3","Millennial",0,0,0,0,0,0,0,0,0,0,0,0
"1991:Q4","Silent",74.9,70.1,65,53.6,71.5,78,67.6,75.8,39.7,38.7,35.4,77.3
"1991:Q4","BabyBoom",23.9,28.5,34.3,41.7,26,21.6,30.8,22.7,57.1,59.9,54.7,22.6
"1991:Q4","GenX",1.1,1.4,0.7,4.6,2.5,0.4,1.5,1.5,3.2,1.3,9.9,0.2
"1991:Q4","Millennial",0,0,0,0,0,0,0,0,0,0,0,0
"1992:Q1","Silent",74.7,69.9,63.2,53,73.7,76.3,69.4,76.9,39.5,38.5,35.3,77.9
"1992:Q1","BabyBoom",24.1,28.5,34.5,42.2,24.9,23.4,29.6,21.8,56.4,58.7,55.2,21.9
"1992:Q1","GenX",1.2,1.6,2.3,4.8,1.4,0.3,1,1.3,4.1,2.8,9.5,0.2
"1992:Q1","Millennial",0,0,0,0,0,0,0,0,0,0,0,0
"1992:Q2","Silent",75.1,70.2,62.8,52.5,76.9,74.5,72.8,77.5,39.3,38.4,35,75.6
"1992:Q2","BabyBoom",23.8,28.2,34.3,42.5,23.1,25.1,26.6,21.2,56,58.1,55.7,23.8
"1992:Q2","GenX",1.1,1.6,2.9,5,0.1,0.3,0.6,1.3,4.6,3.5,9.3,0.6
"1992:Q2","Millennial",0,0,0,0,0,0,0,0,0,0,0,0
"1992:Q3","Silent",75.4,70.3,63.6,53.4,75.9,73.5,75,77.1,38.8,38.1,34.1,73.4
"1992:Q3","BabyBoom",23.8,28.4,34.9,42,23.9,26.2,24.3,21.4,57.2,59.4,55.7,25.9
"1992:Q3","GenX",0.8,1.3,1.4,4.7,0.2,0.4,0.7,1.5,4,2.5,10.1,0.7
"1992:Q3","Millennial",0,0,0,0,0,0,0,0,0,0,0,0
"1992:Q4","Silent",73,68.2,62.8,52.7,68.3,72.3,70,75.9,37.8,36.9,33.4,75.4
"1992:Q4","BabyBoom",25.7,30,35.7,42,28.4,27.4,28.8,22.2,57.3,59.7,55.7,23.9
"1992:Q4","GenX",1.3,1.8,1.5,5.3,3.3,0.4,1.2,1.9,4.9,3.5,10.9,0.7
"1992:Q4","Millennial",0,0,0,0,0,0,0,0,0,0,0,0
"1993:Q1","Silent",71,66.5,58.9,50.6,67.4,71.6,68,75.8,37.4,36.2,33.5,75.1
"1993:Q1","BabyBoom",26.5,30.4,35.6,43.3,28.9,27.5,30.7,22.5,55.5,57.6,55,23.9
"1993:Q1","GenX",2.5,3.1,5.5,6.1,3.7,1,1.3,1.7,7.1,6.2,11.5,1
"1993:Q1","Millennial",0,0,0,0,0,0,0,0,0,0,0,0
"1993:Q2","Silent",70.6,65.9,58.3,50.1,66.6,70.7,66.7,76.2,36.4,35.1,32.6,75.7
"1993:Q2","BabyBoom",27,30.9,36.5,43.2,29.4,28.1,32.1,22.2,56,58.3,54.9,23.3
"1993:Q2","GenX",2.4,3.1,5.2,6.7,4,1.2,1.2,1.7,7.6,6.6,12.5,1
"1993:Q2","Millennial",0,0,0,0,0,0,0,0,0,0,0,0
"1993:Q3","Silent",70.3,65.5,58.5,50,65.3,69.9,65.9,76.1,35.5,34.2,31.6,74.1
"1993:Q3","BabyBoom",27.4,31.4,37.2,42.9,30.2,28.8,33,22.1,56.9,59.5,54.7,25
"1993:Q3","GenX",2.3,3.1,4.3,7,4.5,1.3,1.2,1.8,7.7,6.4,13.7,0.9
"1993:Q3","Millennial",0,0,0,0,0,0,0,0,0,0,0,0
"1993:Q4","Silent",69.3,64.5,57.2,49.2,63.3,69.5,64.4,75.8,34.6,33.4,30.4,73
"1993:Q4","BabyBoom",28,32.1,37.8,43.1,31.5,29.4,34.3,22,57.1,59.6,55.2,26
"1993:Q4","GenX",2.6,3.4,4.9,7.7,5.2,1.1,1.3,2.2,8.3,7,14.3,1
"1993:Q4","Millennial",0,0,0,0,0,0,0,0,0,0,0,0
"1994:Q1","Silent",69,64.1,54.5,47.7,67,67.8,66.4,76.3,33.9,32.7,29.6,72.6
"1994:Q1","BabyBoom",28.2,32.1,38.1,44,29.4,30.8,33.2,22,56.4,58.8,55.1,26.4
"1994:Q1","GenX",2.9,3.8,7.4,8.3,3.6,1.4,0.4,1.7,9.6,8.5,15.3,1
"1994:Q1","Millennial",0,0,0,0,0,0,0,0,0,0,0,0
"1994:Q2","Silent",69.9,64.8,53.6,47.1,72.6,66,69.9,77.8,33.1,32,28.5,72
"1994:Q2","BabyBoom",27.4,31.5,38.5,44.1,26,32.1,30.1,20.6,56.6,58.8,55.7,26.8
"1994:Q2","GenX",2.7,3.7,7.9,8.8,1.4,2,0,1.6,10.3,9.2,15.8,1.2
"1994:Q2","Millennial",0,0,0,0,0,0,0,0,0,0,0,0
"1994:Q3","Silent",70.4,65,54.2,47.2,74.4,65,70.9,77.8,32.5,31.4,27.7,71.7
"1994:Q3","BabyBoom",27.3,31.6,39,43.8,25,32.9,29.1,20.5,57.3,59.7,55.9,26.9
"1994:Q3","GenX",2.3,3.4,6.8,9.1,0.6,2.1,0,1.7,10.2,8.8,16.4,1.4
"1994:Q3","Millennial",0,0,0,0,0,0,0,0,0,0,0,0
"1994:Q4","Silent",71.2,65.5,54.4,47,78.2,63.6,73.7,77.8,31.7,30.9,26.4,69.8
"1994:Q4","BabyBoom",26.8,31.2,39.2,43.7,21.8,34.5,26.3,20.5,57.8,60,57,28.6
"1994:Q4","GenX",2,3.2,6.4,9.3,0,1.9,0,1.8,10.5,9.1,16.7,1.6
"1994:Q4","Millennial",0,0,0,0,0,0,0,0,0,0,0,0
"1995:Q1","Silent",70.8,65.2,53.8,46.6,78,63.6,73.6,77.1,31.5,30.7,26.5,69.3
"1995:Q1","BabyBoom",27,31.4,39.5,43.7,22,34.3,26.4,21,57.8,60.2,56,29
"1995:Q1","GenX",2.2,3.4,6.7,9.7,0,2.1,0,1.9,10.7,9.1,17.5,1.8
"1995:Q1","Millennial",0,0,0,0,0,0,0,0,0,0,0,0
"1995:Q2","Silent",70.3,64.8,54.6,47.5,75.9,63.9,70.8,75.5,31.3,30.6,26.1,67.5
"1995:Q2","BabyBoom",27.9,32.3,40.5,42.9,24.1,34.1,29.2,22.3,58.8,61.7,55.4,30.6
"1995:Q2","GenX",1.7,2.9,4.8,9.5,0,2,0,2.3,10,7.7,18.4,1.9
"1995:Q2","Millennial",0,0,0,0,0,0,0,0,0,0,0,0
"1995:Q3","Silent",69.2,63.8,55.2,48.1,72.2,64.6,65.9,73.3,31,30.5,25.7,64.7
"1995:Q3","BabyBoom",29,33.3,40.9,42.4,26.9,33.4,32.9,24.3,59.2,62.3,55.3,33.3
"1995:Q3","GenX",1.8,2.9,3.9,9.4,0.9,2,1.2,2.4,9.8,7.2,19,2.1
"1995:Q3","Millennial",0,0,0,0,0,0,0,0,0,0,0,0
"1995:Q4","Silent",67.9,62.6,53.5,47.6,69,63.7,65.2,72.9,30.4,29.9,25.1,64.7
"1995:Q4","BabyBoom",29.8,34,41.8,42.7,28.9,34.1,33.2,24.2,59.3,62.6,55.2,33
"1995:Q4","GenX",2.3,3.4,4.6,9.7,2.1,2.2,1.6,2.8,10.3,7.5,19.8,2.4
"1995:Q4","Millennial",0,0,0,0,0,0,0,0,0,0,0,0
"1996:Q1","Silent",66.6,61.5,51.8,46.8,67.1,63.1,63.7,72.3,30,29.2,25.1,64.5
"1996:Q1","BabyBoom",30.6,34.6,42.4,43.1,30.1,34.7,34.4,24.6,58.9,62.5,53.8,33.5
"1996:Q1","GenX",2.8,3.9,5.8,10.1,2.7,2.2,2,3.1,11.1,8.3,21,2
"1996:Q1","Millennial",0,0,0,0,0,0,0,0,0,0,0,0
"1996:Q2","Silent",66.5,61.3,52.3,46.9,66.5,62.4,63.8,71.9,29.5,28.7,24.8,63.5
"1996:Q2","BabyBoom",30.9,34.9,42.5,43,30.6,35.5,34.3,24.8,59.1,62.8,53.6,34.2
"1996:Q2","GenX",2.5,3.8,5.2,10.1,2.9,2.1,1.9,3.2,11.4,8.5,21.7,2.3
"1996:Q2","Millennial",0,0,0,0,0,0,0,0,0,0,0,0
"1996:Q3","Silent",66.7,61.3,52.4,46.6,67.5,61.5,64.3,72.3,29.1,28.3,24.4,63
"1996:Q3","BabyBoom",30.9,34.9,42.5,43.1,30.2,36.2,34.2,24.3,59,62.7,53.4,34.6
"1996:Q3","GenX",2.4,3.8,5.1,10.3,2.3,2.3,1.6,3.4,11.9,9,22.2,2.4
"1996:Q3","Millennial",0,0,0,0,0,0,0,0,0,0,0,0
"1996:Q4","Silent",65.4,60.2,50.7,45.8,66.1,61.1,62.2,71,28.7,27.9,24.3,63.1
"1996:Q4","BabyBoom",31.5,35.3,42.5,43.5,31.1,35.9,35.5,25.3,58.3,62,52.9,34.6
"1996:Q4","GenX",3.1,4.5,6.8,10.6,2.8,3,2.4,3.7,13,10.2,22.9,2.2
"1996:Q4","Millennial",0,0,0,0,0,0,0,0,0,0,0,0
"1997:Q1","Silent",65.2,60,49.9,45.1,67.5,60.5,61.3,71.8,28.6,27.6,24.4,61.8
"1997:Q1","BabyBoom",31.7,35.4,42.7,43.8,30.4,36.6,36.3,24.8,57.8,61.6,51.9,35.7
"1997:Q1","GenX",3.1,4.6,7.5,11,2.1,2.9,2.4,3.4,13.5,10.8,23.6,2.5
"1997:Q1","Millennial",0,0,0,0,0,0,0,0,0,0,0,0
"1997:Q2","Silent",63.2,58.4,50.2,45.8,62.9,60,57.2,68.9,28.8,27.5,25.4,60.8
"1997:Q2","BabyBoom",33.2,36.6,42.9,43.4,32.9,37.2,38.2,27.1,57.6,61.8,50.3,36.5
"1997:Q2","GenX",3.6,5,6.9,10.8,4.1,2.8,4.6,4,13.6,10.7,24.3,2.7
"1997:Q2","Millennial",0,0,0,0,0,0,0,0,0,0,0,0
"1997:Q3","Silent",62,57.4,50.1,46,60.7,59,55,67.7,28.8,27.4,25.5,62.1
"1997:Q3","BabyBoom",34.1,37.3,43.4,43.2,34.3,37.7,39.5,28.1,57.3,61.7,49.6,35.8
"1997:Q3","GenX",3.9,5.3,6.5,10.8,5,3.2,5.5,4.3,13.9,10.9,24.9,2.2
"1997:Q3","Millennial",0,0,0,0,0,0,0,0,0,0,0,0
"1997:Q4","Silent",61.4,56.8,48.2,44.8,61.5,58.7,54.1,67.5,28.6,27.2,25.2,61.2
"1997:Q4","BabyBoom",34.5,37.5,43.4,43.8,33.9,38.4,40.3,28.1,56.4,60.4,49.8,36.2
"1997:Q4","GenX",4.1,5.6,8.4,11.3,4.6,2.9,5.5,4.5,15,12.4,25,2.6
"1997:Q4","Millennial",0,0,0,0,0,0,0,0,0,0,0,0
"1998:Q1","Silent",59.2,55.2,48.1,45.1,58.3,58,49.6,64.6,29.1,27.3,26.4,61.5
"1998:Q1","BabyBoom",36.1,38.7,43.6,43.5,35.8,39.2,42.7,30.6,55.7,60.1,47.9,35.7
"1998:Q1","GenX",4.7,6.1,8.4,11.4,6,2.8,7.8,4.7,15.2,12.6,25.7,2.7
"1998:Q1","Millennial",0,0,0,0,0,0,0,0,0,0,0,0
"1998:Q2","Silent",58.9,54.9,48.3,44.8,58.7,57.1,49.8,63.7,29.1,27.3,26.1,63.3
"1998:Q2","BabyBoom",36.4,38.9,43.1,43.7,35.6,40.1,42.3,31.6,55.3,59.7,47.8,34.2
"1998:Q2","GenX",4.7,6.2,8.6,11.6,5.7,2.8,7.8,4.7,15.6,13,26.1,2.5
"1998:Q2","Millennial",0,0,0,0,0,0,0,0,0,0,0,0
"1998:Q3","Silent",62,57.4,50.9,45.2,64.5,56.1,55.2,66.6,29.2,27.8,24.4,66.6
"1998:Q3","BabyBoom",34.8,37.8,42.6,43.4,32.6,40.7,39.8,29.4,56,60.5,49.3,30.9
"1998:Q3","GenX",3.2,4.8,6.4,11.4,2.9,3.2,5,4,14.8,11.7,26.3,2.5
"1998:Q3","Millennial",0,0,0,0,0,0,0,0,0,0,0,0
"1998:Q4","Silent",57.2,53.3,47.8,44.2,56.7,56.3,45.6,61,28.3,26.5,25.6,61.6
"1998:Q4","BabyBoom",37.8,40.2,43.7,43.8,37,41.4,45.1,33.5,55.4,59.8,47.5,35.5
"1998:Q4","GenX",4.9,6.5,8.5,12,6.3,2.3,9.3,5.6,16.3,13.6,26.9,2.9
"1998:Q4","Millennial",0,0,0,0,0,0,0,0,0,0,0,0
"1999:Q1","Silent",56.7,52.7,47.4,44.2,56.4,55.8,44.6,59.8,27.7,25.8,25.6,59.5
"1999:Q1","BabyBoom",38.5,40.8,44.6,43.7,37.2,42.1,45.3,34.5,56,60.6,46.8,37.4
"1999:Q1","GenX",4.9,6.4,8,12.1,6.4,2.2,10.1,5.7,16.4,13.5,27.6,3.1
"1999:Q1","Millennial",0,0,0,0,0,0,0,0,0,0,0,0
"1999:Q2","Silent",55,51.2,46.1,43.3,53.8,55.1,42.4,58.3,27,24.9,25.6,57.7
"1999:Q2","BabyBoom",39.5,41.7,44.9,44.1,38.7,42.9,46.2,35.8,55.8,60.5,46.3,39.1
"1999:Q2","GenX",5.4,7,9,12.6,7.5,2,11.4,5.9,17.2,14.6,28.1,3.2
"1999:Q2","Millennial",0,0,0,0,0,0,0,0,0,0,0,0
"1999:Q3","Silent",56.1,52,46.3,42.8,55.8,54,46.3,60,26.1,24.3,24,57.4
"1999:Q3","BabyBoom",38.9,41.3,45.4,44.3,37.7,43.2,44,34.2,56.5,61,47.6,39.5
"1999:Q3","GenX",5,6.7,8.3,12.9,6.5,2.8,9.7,5.8,17.4,14.7,28.4,3.2
"1999:Q3","Millennial",0,0,0,0,0,0,0,0,0,0,0,0
"1999:Q4","Silent",53.4,49.7,45.3,42.3,50.7,52.9,41.6,58,26,23.6,24.8,57
"1999:Q4","BabyBoom",40.4,42.4,45.5,44.5,40.4,44.7,45.8,34.7,55.8,60.4,46.7,39.7
"1999:Q4","GenX",6.3,7.9,9.2,13.2,8.9,2.4,12.6,7.3,18.2,16,28.5,3.3
"1999:Q4","Millennial",0,0,0,0,0,0,0,0,0,0,0,0
"2000:Q1","Silent",52.3,48.8,44.9,41.7,49.7,51.2,42.4,56.8,25.9,23.2,24.7,56.9
"2000:Q1","BabyBoom",41.2,43.1,45.8,44.6,41,46,44.7,36.5,55.7,60.3,46.7,39.8
"2000:Q1","GenX",6.5,8.1,9.3,13.7,9.3,2.9,12.9,6.7,18.4,16.4,28.6,3.3
"2000:Q1","Millennial",0,0,0,0,0,0,0,0,0,0,0,0
"2000:Q2","Silent",52.9,49.1,44.4,40.7,51.9,49.7,45.9,57.4,25.1,22.6,23.4,56.8
"2000:Q2","BabyBoom",40.9,42.9,46,45.1,39.8,47,42.1,36.1,55.9,60.2,47.8,39.8
"2000:Q2","GenX",6.2,7.9,9.6,14.2,8.3,3.3,12,6.5,19,17.1,28.8,3.4
"2000:Q2","Millennial",0,0,0,0,0,0,0,0,0,0,0,0
"2000:Q3","Silent",52.9,49,44.8,40.7,51.9,48.4,46.5,57.8,24.5,22.4,22.2,57
"2000:Q3","BabyBoom",41,43.2,46.5,45.1,39.9,47.9,42,35.4,56.6,60.8,48.9,39.7
"2000:Q3","GenX",6,7.8,8.7,14.3,8.2,3.7,11.4,6.7,18.9,16.8,28.8,3.4
"2000:Q3","Millennial",0,0,0,0,0,0,0,0,0,0,0,0
"2000:Q4","Silent",53.7,49.4,43.6,39.1,55.2,47.4,50.2,58.3,23.3,21.7,20.1,56.5
"2000:Q4","BabyBoom",40.5,42.9,46.6,46,38.3,48.4,40.4,34.9,56.9,60.5,50.9,39.7
"2000:Q4","GenX",5.8,7.7,9.8,14.9,6.5,4.2,9.5,6.8,19.8,17.8,28.9,3.8
"2000:Q4","Millennial",0,0,0,0,0,0,0,0,0,0,0,0
"2001:Q1","Silent",54.2,49.6,42.8,38,57.2,46.8,53.1,59.5,22.2,21.2,18.1,57.1
"2001:Q1","BabyBoom",40.3,42.8,46.6,46.7,37.5,48.9,39.9,33.9,57.5,60.5,52.7,38.8
"2001:Q1","GenX",5.5,7.6,10.6,15.3,5.3,4.4,7,6.6,20.3,18.3,29.2,4
"2001:Q1","Millennial",0,0,0,0,0,0,0,0,0,0,0,0
"2001:Q2","Silent",52.6,48.2,42.6,37.8,53.7,46.3,49.4,57.5,21.7,20.6,18,58.2
"2001:Q2","BabyBoom",41.7,44,46.9,46.8,39.5,49.8,42.6,35.7,57.5,60.8,52.1,37.9
"2001:Q2","GenX",5.7,7.8,10.4,15.4,6.8,3.9,8,6.8,20.7,18.6,29.9,3.9
"2001:Q2","Millennial",0,0,0,0,0,0,0,0,0,0,0,0
"2001:Q3","Silent",53.8,48.9,43.1,37.3,56.8,45.3,53.2,58.5,21.3,20.2,15.5,60.2
"2001:Q3","BabyBoom",41.3,43.8,47.2,47.1,38.2,50.4,41.5,34.9,57.8,60.7,54.4,36
"2001:Q3","GenX",4.8,7.2,9.7,15.4,5,4.4,5.3,6.6,20.7,18.9,29.7,3.7
"2001:Q3","Millennial",0,0.1,0.1,0.2,0,0,0,0.1,0.2,0.2,0.4,0
"2001:Q4","Silent",52.1,47.4,41.9,37,52.6,45.4,48.2,57.9,20.2,19.3,16.2,57.3
"2001:Q4","BabyBoom",42.2,44.3,46.9,46.8,40.7,50.7,44.5,34.3,57,59.9,51.9,39
"2001:Q4","GenX",5.7,7.9,10.7,15.8,6.7,3.4,7.3,7.6,21,18.9,30.1,3.7
"2001:Q4","Millennial",0.1,0.3,0.5,0.4,0,0.5,0,0.2,1.8,1.8,1.8,0.1
"2002:Q1","Silent",51.3,46.7,40.4,36.5,52.3,44.9,47.7,57.7,19.7,18.7,16.3,55.3
"2002:Q1","BabyBoom",42.5,44.5,46.5,46.9,41.1,51,44.9,34.6,56.1,58.8,51.1,40.8
"2002:Q1","GenX",6,8.4,11.9,16.1,6.6,3.7,7.4,7.5,22.1,20.4,30.4,3.9
"2002:Q1","Millennial",0.2,0.5,1.1,0.4,0,0.4,0,0.1,2,2.1,2.2,0.1
"2002:Q2","Silent",52,46.9,39.1,35.7,54.5,44.3,51.4,59,18.7,18,15.3,53.5
"2002:Q2","BabyBoom",42.2,44.3,46.2,47.6,40.4,51.5,43.4,34.6,56,57.6,53.4,42.3
"2002:Q2","GenX",5.5,8.3,13.1,16.6,5.2,4.1,5.2,6.3,23.5,21.8,31.4,4
"2002:Q2","Millennial",0.3,0.5,1.6,0,0,0.1,0,0,1.8,2.5,0,0.1
"2002:Q3","Silent",53.8,48.1,39.5,35.7,59.1,43.5,55.8,61.7,18.1,17.9,13.8,51.2
"2002:Q3","BabyBoom",41.3,43.8,46.8,47.6,38.6,52,41.7,31.9,56.8,58.3,54.2,44.5
"2002:Q3","GenX",4.8,7.8,12.9,16.8,2.4,4.6,2.5,6.4,23.7,21.9,32,4.2
"2002:Q3","Millennial",0,0.3,0.8,0,0,0,0,0,1.4,1.9,0,0.1
"2002:Q4","Silent",53,47.5,39.8,36.1,56.7,43.3,52.2,61,18,17.7,14.5,49.8
"2002:Q4","BabyBoom",42,44.3,47.1,47.2,40.1,52.5,43.9,31.7,56.9,58.6,53,46.1
"2002:Q4","GenX",5.1,8.1,12.8,16.8,3.2,4.2,3.8,7.3,24.1,22.2,32.5,4
"2002:Q4","Millennial",-0.1,0.1,0.3,0,0,0,0,0,1.1,1.5,0,0.1
"2003:Q1","Silent",52.7,47,38.4,35.5,58.1,43.3,52.1,60.9,17.4,16.8,14.6,49.7
"2003:Q1","BabyBoom",42,44.2,46.6,47.5,39.9,52.2,44.4,31.9,55.8,57.4,52.3,46.4
"2003:Q1","GenX",5.2,8.4,13.9,17,2.1,4.5,3.5,7.1,25,23.4,33.1,3.8
"2003:Q1","Millennial",0.1,0.4,1.1,0,0,0,0,0,1.8,2.4,0,0.1
"2003:Q2","Silent",51.2,45.8,38,35.5,53.8,43.4,48.1,58.9,17.7,16.3,15.7,53.1
"2003:Q2","BabyBoom",43,45,46.4,47.1,42.1,52.1,46.5,34,54.9,56.8,50.6,44.1
"2003:Q2","GenX",5.6,8.9,14.3,17.1,4.2,4.5,5.5,7.1,25.6,24.5,33.6,2.8
"2003:Q2","Millennial",0.2,0.4,1.3,0.3,0,0.1,0,0,1.8,2.5,0,0
"2003:Q3","Silent",51,45.6,38.5,35.8,52,43.4,46.5,59,17.6,16.3,15.9,51.9
"2003:Q3","BabyBoom",43.4,45.3,46.9,46.6,43.2,51.9,47.6,33.9,55.2,57.3,50.2,45.1
"2003:Q3","GenX",5.5,8.9,14,17,4.8,4.5,5.9,7.1,26.3,25.1,33.8,3
"2003:Q3","Millennial",0.1,0.3,0.6,0.5,0,0.2,0,0,0.9,1.3,0,0
"2003:Q4","Silent",49.9,44.6,38.2,35.9,49,43.3,43.3,58.2,17.3,15.9,16.8,48.4
"2003:Q4","BabyBoom",44.1,45.8,47.4,46.1,44.8,51.9,49.3,34,55,57.4,48.4,47.3
"2003:Q4","GenX",6,9.3,14.1,17,6.3,4.5,7.4,7.7,26.6,25.5,34,4.2
"2003:Q4","Millennial",0.1,0.2,0.3,0.9,0,0.3,0,0.1,1.1,1.2,0.8,0
"2004:Q1","Silent",48.8,43.9,37.6,35.6,47.8,42.7,42.3,56.4,17.1,15.5,17,48.8
"2004:Q1","BabyBoom",44.7,46.3,47.1,46.2,45.5,52.3,50.1,36.1,54.5,57,47.3,47.2
"2004:Q1","GenX",6.3,9.5,14.6,17.3,6.6,4.8,7.6,7.4,27.1,26.2,34.3,4
"2004:Q1","Millennial",0.2,0.3,0.7,0.9,0,0.3,0,0.1,1.3,1.3,1.4,0
"2004:Q2","Silent",48.8,43.8,38.2,36,47.8,42.1,41.1,56.7,17.2,15.6,17.1,48.9
"2004:Q2","BabyBoom",45.1,46.7,47.8,45.7,45.8,52.7,50.9,36,55,57.8,46.5,47.3
"2004:Q2","GenX",6,9.4,14,17.2,6.3,4.9,7.9,7.2,27.4,26.6,34.5,3.8
"2004:Q2","Millennial",0.1,0.1,0,1.1,0,0.2,0.1,0.1,0.4,0,1.9,0
"2004:Q3","Silent",48.4,43.3,36.8,35.5,48.2,41.4,41.3,57.3,16.4,14.8,17,47.4
"2004:Q3","BabyBoom",45.3,46.8,48,46,45.9,53.1,50.6,35.6,54.5,57,46.5,49.3
"2004:Q3","GenX",6.1,9.7,14.9,17.4,5.9,5.5,7.6,6.9,28.4,27.7,34.9,3.2
"2004:Q3","Millennial",0.2,0.3,0.4,1.1,0,0,0.4,0.2,0.7,0.5,1.6,0
"2004:Q4","Silent",47.1,42.3,36.8,35.3,47,39.8,39.7,55.4,16.8,15.1,16.9,50.2
"2004:Q4","BabyBoom",45.8,47.1,47.9,45.5,46.2,54,51.1,36.2,54.1,56.9,45.9,46.7
"2004:Q4","GenX",6.9,10.3,15.1,17.9,6.7,6.2,8.7,8,28.4,28.1,34.3,3.1
"2004:Q4","Millennial",0.2,0.3,0.1,1.3,0,0,0.6,0.4,0.6,0,2.9,0
"2005:Q1","Silent",46.7,41.9,36.1,34.7,47.8,38.8,40.5,54.8,16.4,14.7,16.8,49.9
"2005:Q1","BabyBoom",46,47.2,47.7,45.5,45.8,54.5,50.5,37.2,53.8,56.2,46.1,47.4
"2005:Q1","GenX",7.1,10.5,15.8,18.6,6.3,6.7,8.4,7.5,28.8,28.2,35.3,2.7
"2005:Q1","Millennial",0.3,0.4,0.4,1.2,0.2,0,0.7,0.5,1,0.8,1.9,0
"2005:Q2","Silent",45.7,40.9,34.6,33.6,47.9,37.6,40.3,54,15.9,14.2,16.5,49.4
"2005:Q2","BabyBoom",46.3,47.3,47.4,45.8,45.6,55.1,50.3,37.6,52.7,54.6,46.2,47.6
"2005:Q2","GenX",7.6,11.1,16.9,19.5,6.2,7.3,8.6,7.8,29.8,29.5,35.4,2.9
"2005:Q2","Millennial",0.5,0.7,1.1,1.1,0.3,0,0.8,0.6,1.6,1.6,1.9,0
"2005:Q3","Silent",45,40.4,34.4,33.5,47.4,36.6,39.8,53.3,15.9,14.3,16.3,48.6
"2005:Q3","BabyBoom",46.5,47.5,47.6,45.4,45.7,55.6,50.3,37.7,52.6,54.5,46.1,48.3
"2005:Q3","GenX",7.9,11.5,17.1,19.7,6.6,7.8,9,8.2,30.1,29.9,35.4,3.1
"2005:Q3","Millennial",0.5,0.7,0.9,1.4,0.3,0,1,0.8,1.4,1.2,2.2,0
"2005:Q4","Silent",44.8,40.1,34.4,33.3,47.9,35.5,39.8,53,15.8,14.4,15.9,46.7
"2005:Q4","BabyBoom",46.5,47.5,47.8,45,45.3,56.1,50,37.5,52.7,54.5,46.3,49.6
"2005:Q4","GenX",8.1,11.7,17.2,20,6.3,8.4,9.1,8.8,30.5,30.4,35.2,3.7
"2005:Q4","Millennial",0.6,0.7,0.7,1.6,0.5,0,1.1,0.8,1,0.7,2.6,0
"2006:Q1","Silent",43.6,39.1,33.3,32.3,45.8,34.9,39.4,50.9,15.4,14,15.8,47.1
"2006:Q1","BabyBoom",47.3,48,47.6,45.2,46.1,56.4,49.8,39.9,51.5,53.1,45.8,48.9
"2006:Q1","GenX",8.4,12.1,17.9,20.8,7.7,8.7,9.6,8.3,31.5,31.8,35,4
"2006:Q1","Millennial",0.7,0.8,1.2,1.6,0.4,0,1.2,0.9,1.6,1.2,3.4,0
"2006:Q2","Silent",43.9,39.2,33.4,32.2,47.2,34.4,40.2,50.7,15.3,14,15.5,46.1
"2006:Q2","BabyBoom",47.2,47.9,47.8,45,45.5,56.5,49.2,40.4,51.6,53,46,49.5
"2006:Q2","GenX",8.2,12,17.9,21.1,6.8,9.1,9.3,7.9,31.9,32.1,35.5,4.4
"2006:Q2","Millennial",0.7,0.8,0.9,1.7,0.6,0,1.3,1,1.2,0.9,2.9,0.1
"2006:Q3","Silent",43.7,39,33.7,32.2,47.1,33.9,39.5,49.8,15.4,14.1,15.2,46.2
"2006:Q3","BabyBoom",47.4,48.1,48,44.4,45.5,56.8,49.2,40.4,51.6,53.2,45.3,49.2
"2006:Q3","GenX",8.3,12.2,17.8,21.3,6.8,9.3,9.9,8.6,32,32.2,35.8,4.6
"2006:Q3","Millennial",0.7,0.7,0.5,2,0.6,0,1.4,1.2,1.1,0.5,3.7,0.1
"2006:Q4","Silent",43,38.4,33.4,31.8,45.7,33.4,38.6,49.4,15.4,14,15.1,47
"2006:Q4","BabyBoom",47.7,48.2,48,44.1,46.1,57.1,49.4,40.1,51,52.8,44.5,47.8
"2006:Q4","GenX",8.8,12.6,18.1,21.7,7.6,9.5,10.6,9.4,32.1,32.6,35.5,5.1
"2006:Q4","Millennial",0.6,0.7,0.5,2.3,0.5,0,1.4,1.1,1.4,0.6,4.9,0.1
"2007:Q1","Silent",42.4,37.9,32.6,30.9,45.1,32.9,39,48.1,15,13.7,14.7,47.1
"2007:Q1","BabyBoom",48.2,48.5,47.8,44.3,46.5,57.2,48.9,42.1,50,51.6,43.9,47.4
"2007:Q1","GenX",8.8,12.8,18.7,22.5,8,9.9,10.7,8.8,33.1,33.7,36,5.3
"2007:Q1","Millennial",0.6,0.8,0.9,2.3,0.4,0,1.4,1,1.8,1,5.4,0.2
"2007:Q2","Silent",41.9,37.4,32.4,30.3,44.6,32.4,38.5,47,15.1,13.4,14.7,49.8
"2007:Q2","BabyBoom",48.5,48.6,47.5,44.1,46.9,57.4,48.8,43.1,49.3,51,43.2,45.2
"2007:Q2","GenX",9,13.1,19.2,23,8.2,10.1,11.4,8.8,33.4,34.2,35.7,4.9
"2007:Q2","Millennial",0.6,0.9,1,2.6,0.3,0.1,1.4,1.1,2.2,1.4,6.4,0.1
"2007:Q3","Silent",42.1,37.5,32.7,30.1,44.8,32,38.7,46.6,14.8,13.3,14.3,49.3
"2007:Q3","BabyBoom",48.4,48.5,46.9,43.7,47,57.5,48.3,43.6,49.1,50.7,43.1,44.2
"2007:Q3","GenX",9.1,13.3,19.5,23.4,7.9,10.3,11.6,9.2,33.7,34.4,36.2,6.2
"2007:Q3","Millennial",0.4,0.8,0.9,2.8,0.3,0.2,1.3,0.6,2.4,1.5,6.4,0.3
"2007:Q4","Silent",41.5,36.9,31.7,29,44.7,31.5,38,46.1,14.3,12.8,13.7,47.2
"2007:Q4","BabyBoom",48.9,48.8,47.4,44.5,47.3,57.6,49.3,43.6,48.7,50,43.8,46.5
"2007:Q4","GenX",9.1,13.4,19.6,23.8,7.7,10.6,11.4,9.7,34.2,35.1,36.5,6
"2007:Q4","Millennial",0.5,0.9,1.3,2.7,0.4,0.3,1.2,0.6,2.8,2.1,6,0.3
"2008:Q1","Silent",41.6,36.7,31.5,28.4,44.7,31.4,38.3,45.6,14.1,12.7,12.8,46.8
"2008:Q1","BabyBoom",49.6,49.5,48.1,45.1,47.8,57.5,50,45.2,48.8,50,44.7,47.1
"2008:Q1","GenX",8.4,13,19.3,24,7.2,10.7,10.7,8.5,34.5,35.3,37.7,5.9
"2008:Q1","Millennial",0.5,0.8,1.1,2.5,0.3,0.4,1,0.7,2.5,2.1,4.8,0.3
"2008:Q2","Silent",41.4,36.5,32,28.4,44.1,31,38,45.2,14,13.1,12.1,43.6
"2008:Q2","BabyBoom",50,49.9,48.5,45.1,48.4,57.5,50.5,46,49.5,50.5,45.1,49.3
"2008:Q2","GenX",8,12.8,18.8,23.9,7.2,11,10.6,7.9,34.7,35.3,37.4,6.7
"2008:Q2","Millennial",0.5,0.8,0.7,2.7,0.3,0.5,0.9,0.9,1.9,1.1,5.4,0.3
"2008:Q3","Silent",41.7,36.5,31.8,27.6,46,30.2,38.9,45.2,13.9,12.7,11.4,45.7
"2008:Q3","BabyBoom",50.2,50,48.2,45.7,47.9,58.1,50.3,46.5,49.3,50.2,45.8,47.7
"2008:Q3","GenX",7.5,12.5,18.9,24.1,5.4,11,9.9,7.5,34.6,35.2,38.8,6.3
"2008:Q3","Millennial",0.7,1,1,2.6,0.6,0.6,1,0.9,2.3,1.9,4.1,0.4
"2008:Q4","Silent",42.9,37.1,31.1,26.6,49.5,29.2,41.6,47.4,12.2,12.2,9.9,26.6
"2008:Q4","BabyBoom",49.2,49.3,48.2,46.6,47.5,59,49.8,42.6,49.7,49.6,48.4,60.8
"2008:Q4","GenX",7.1,12.5,19.3,24.4,2,11,7.9,8.9,35.6,35.4,40.4,11.8
"2008:Q4","Millennial",0.8,1.1,1.4,2.4,0.9,0.8,0.8,1.1,2.5,2.9,1.2,0.8
"2009:Q1","Silent",43.1,37,30.6,26.1,51.2,28.4,43.2,47.7,11.4,11.8,9.5,14.8
"2009:Q1","BabyBoom",49.8,49.8,48.7,47.1,47.3,59.6,49.1,43.9,49.6,49.2,48.2,70.3
"2009:Q1","GenX",6.5,12.1,19.3,24.4,0.1,11.3,7,7.9,36,35.3,42,14
"2009:Q1","Millennial",0.6,1,1.3,2.5,1.4,0.8,0.8,0.5,3,3.7,0.3,0.9
"2009:Q2","Silent",41.9,36.2,30.8,26.2,45.1,28.6,41,46.6,11.7,12,9.7,17.8
"2009:Q2","BabyBoom",50.1,50,48.7,46.7,49.7,58.7,49.9,43.9,49.4,49.5,46.4,67.2
"2009:Q2","GenX",7.3,12.7,19.2,24,4.3,11.7,8.3,8.6,35.8,35.3,40.9,14.1
"2009:Q2","Millennial",0.6,1.1,1.2,3.1,0.9,0.9,0.8,0.9,3.1,3.2,2.9,0.9
"2009:Q3","Silent",40.4,35.1,31.2,26.5,40.7,28.6,38,44.3,12,12,10.1,22.6
"2009:Q3","BabyBoom",51.3,50.9,48.8,46.1,51.4,58.3,51.3,46.7,49.2,49.9,44.2,63.6
"2009:Q3","GenX",7.9,12.9,19,23.6,7.3,12.1,10,8,35.3,34.9,40.6,12.9
"2009:Q3","Millennial",0.5,1.1,1.1,3.9,0.6,1,0.7,0.9,3.5,3.3,5.1,0.9
"2009:Q4","Silent",39.4,34.3,30.3,25.7,39.2,28.3,36.3,44,11.9,11.7,10,26.6
"2009:Q4","BabyBoom",51,50.5,48.5,46.4,52.2,58.3,52.3,44.2,48.4,49.2,43,60.6
"2009:Q4","GenX",9,13.8,19.5,23.8,8.1,12.2,10.8,10.8,35.4,35.2,40.4,11.9
"2009:Q4","Millennial",0.7,1.3,1.7,4.1,0.5,1.1,0.7,1,4.2,3.8,6.6,0.8
"2010:Q1","Silent",38,33.3,29.9,25.5,37.6,27.6,34.6,42.2,11.9,11.8,9.9,23.2
"2010:Q1","BabyBoom",52.3,51.6,48.5,46.3,52.9,58.7,53.3,47.5,48.2,49.1,41.4,61.8
"2010:Q1","GenX",9.1,13.8,19.6,23.6,8.9,12.7,11.4,9.3,35.3,35.2,40.4,13.9
"2010:Q1","Millennial",0.7,1.4,2,4.6,0.5,1.1,0.7,1,4.6,3.9,8.3,1.1
"2010:Q2","Silent",37.6,33,29.2,24.9,38.1,26.4,35.7,42.4,11.8,11.8,8.9,25.1
"2010:Q2","BabyBoom",52.6,51.8,48.7,46.8,53.1,59.4,53.3,47.6,48.1,48.8,42.4,60.5
"2010:Q2","GenX",8.8,13.7,19.8,23.6,8,13.3,10.3,8.8,35.5,35.4,40.8,13.3
"2010:Q2","Millennial",0.9,1.6,2.4,4.8,0.8,0.9,0.8,1.1,4.5,3.9,8,1.1
"2010:Q3","Silent",36,31.8,28.5,24.9,35.5,25.9,33.1,41,12,12,8.9,25.9
"2010:Q3","BabyBoom",53.7,52.7,49.9,46.5,54.1,59.5,54.9,48.4,47.8,48.9,40.8,60.7
"2010:Q3","GenX",9.5,14,19.4,23.2,9.9,13.8,11.2,9.4,35.3,35.3,40.3,12.4
"2010:Q3","Millennial",0.8,1.5,2.2,5.4,0.6,0.8,0.8,1.2,4.9,3.9,10.1,1
"2010:Q4","Silent",35.3,31.2,28.2,24.3,34.5,25.3,31.6,40.7,11.8,11.5,8.7,30.8
"2010:Q4","BabyBoom",53.1,52.1,48.8,46.4,54,59.8,54.6,46.2,47.2,48.4,40.6,56.4
"2010:Q4","GenX",10.8,15,20.3,23.5,11,14.1,13,11.5,35.2,35.6,39.1,11.8
"2010:Q4","Millennial",0.8,1.6,2.6,5.7,0.5,0.9,0.8,1.5,5.8,4.5,11.5,1
"2011:Q1","Silent",34.7,30.8,28.2,24,33.9,24.9,30.7,40,11.9,11.4,8.6,33.9
"2011:Q1","BabyBoom",53.4,52.3,48.1,46.3,53.9,59.9,54.2,48,46.7,48.3,39.1,53.7
"2011:Q1","GenX",11,15.1,20.8,23.8,11.7,14.2,14.3,10.5,35.5,36,39.3,11.3
"2011:Q1","Millennial",0.9,1.7,2.9,5.9,0.5,1,0.9,1.5,5.9,4.3,13,1
"2011:Q2","Silent",34.3,30.5,27.3,23.1,34,24.5,30.6,40,11.4,10.8,8.3,34
"2011:Q2","BabyBoom",53.1,51.9,47.1,46.7,53.6,60,53.6,47.7,46.1,47.5,39.2,53.4
"2011:Q2","GenX",11.4,15.6,21.8,24.4,11.8,14.4,14.9,10.7,36,36.7,39.1,11.5
"2011:Q2","Millennial",1.1,2,3.8,5.8,0.6,1.1,0.9,1.5,6.6,5,13.5,1.1
"2011:Q3","Silent",35.5,31.3,28,23.1,36.5,23.8,33.1,40.9,10.9,11,6.9,27.8
"2011:Q3","BabyBoom",52.6,51.7,47.8,46.7,52.5,60.3,51.8,47.4,47.1,48.3,40.8,56.6
"2011:Q3","GenX",10.7,15.1,21.3,24.5,9.8,14.6,14.1,10.2,36.2,36.4,40.3,14.3
"2011:Q3","Millennial",1.1,1.9,2.9,5.7,1.2,1.2,1,1.5,5.8,4.3,12,1.4
"2011:Q4","Silent",34.8,30.7,27.4,22.7,35.7,23.5,31.1,40.4,10.5,10.7,7.1,24.7
"2011:Q4","BabyBoom",52.4,51.4,47.7,46.6,52.4,60.4,52.2,45.7,46.5,47.8,39.6,58
"2011:Q4","GenX",11.7,15.9,21.8,24.6,10.8,14.6,15.7,12.2,36.4,36.7,39.6,15.6
"2011:Q4","Millennial",1.2,2.1,3.1,6.1,1.1,1.5,1,1.7,6.6,4.8,13.7,1.6
"2012:Q1","Silent",33.4,29.7,26.2,21.9,34.3,23.2,28.9,39.4,10.4,10.2,7.4,27.7
"2012:Q1","BabyBoom",53,51.7,47,46.6,52.5,60.5,52.6,47.1,45.2,46.8,37.4,56
"2012:Q1","GenX",12.3,16.3,22.7,25.1,12.3,14.7,17.5,11.6,37,37.7,39,14.8
"2012:Q1","Millennial",1.3,2.3,4,6.3,0.9,1.6,1.1,1.8,7.4,5.2,16.2,1.5
"2012:Q2","Silent",33.5,29.7,26.2,21.8,35,22.7,29.2,39.6,10.1,10.2,6.7,23.8
"2012:Q2","BabyBoom",52.8,51.6,46.9,46.6,51.8,60.7,51.9,47.5,45.5,47,37.9,58
"2012:Q2","GenX",12.3,16.3,22.9,25.2,12,14.9,17.8,11.1,37.1,37.7,39.1,16.4
"2012:Q2","Millennial",1.4,2.4,4,6.5,1.1,1.8,1.1,1.8,7.3,5,16.4,1.7
"2012:Q3","Silent",33,29.3,26.1,21.7,34.3,22.4,27.9,39.2,10,10,6.8,25.4
"2012:Q3","BabyBoom",52.7,51.5,47.1,46.2,51.7,60.7,52.2,46.8,45.4,47.1,37.2,57.5
"2012:Q3","GenX",13,16.8,23,25.3,12.9,15,18.8,12,36.9,37.6,39,15.5
"2012:Q3","Millennial",1.4,2.4,3.8,6.8,1.1,1.9,1.2,2,7.7,5.3,17.1,1.7
"2012:Q4","Silent",32.7,29.1,25.8,21.3,34.3,22,27.7,39.3,9.9,10,6,27.4
"2012:Q4","BabyBoom",52.4,51.3,47.1,46.2,51.3,60.8,51.8,46.3,45.3,47,37.6,56.3
"2012:Q4","GenX",13.4,17.1,23.3,25.6,13.2,15.3,19.3,12.4,37.1,38.2,38.5,14.6
"2012:Q4","Millennial",1.5,2.5,3.8,6.9,1.2,2,1.2,2,7.6,4.8,18,1.6
"2013:Q1","Silent",31.5,28.1,24.8,20.7,33,21.1,25.5,38.6,9.3,9,7,25.4
"2013:Q1","BabyBoom",52.8,51.5,46.6,46,51.5,61.4,52.4,46.4,44.4,46.2,35.7,58.7
"2013:Q1","GenX",14.3,17.8,24.1,26,14.5,15.6,20.9,12.8,37.1,38,39,14.3
"2013:Q1","Millennial",1.4,2.6,4.4,7.3,0.9,1.9,1.2,2.2,9.1,6.8,18.2,1.6
"2013:Q2","Silent",31,27.6,24.5,20.6,33,20.2,24.7,38.8,9,8.8,6.9,22.3
"2013:Q2","BabyBoom",53,51.7,47.1,45.7,51.1,61.9,52.4,46.6,44.6,46.2,35.7,61.3
"2013:Q2","GenX",14.6,18,24.2,26.1,14.9,15.9,21.6,12.2,37.1,38.2,38.7,14.6
"2013:Q2","Millennial",1.4,2.6,4.2,7.6,1,1.9,1.3,2.4,9.3,6.8,18.7,1.7
"2013:Q3","Silent",30.4,27.2,24.5,20.9,32.4,19.4,23.4,38.9,8.9,8.8,6.9,20.6
"2013:Q3","BabyBoom",53,51.8,48.2,45,51.1,62.4,52.7,45,45,46.9,35.3,63.8
"2013:Q3","GenX",15.3,18.5,23.7,26.2,15.7,16.5,22.6,13.6,37,38,38.7,14
"2013:Q3","Millennial",1.3,2.5,3.6,7.9,0.9,1.8,1.3,2.6,9,6.3,19.1,1.6
"2013:Q4","Silent",29.4,26.5,24.6,20.9,31.4,18.8,22.5,37.2,9.3,8.9,7.3,25.1
"2013:Q4","BabyBoom",53.5,52.1,47.3,44.8,51.9,62.8,53.8,45.3,44.1,46.4,33.7,59.1
"2013:Q4","GenX",15.7,18.8,24.1,25.7,15.9,16.6,22.5,14.4,36.7,38,37.6,13.9
"2013:Q4","Millennial",1.4,2.7,4.1,8.7,0.8,1.8,1.3,3.1,10,6.8,21.4,1.8
"2014:Q1","Silent",28.8,26,24,20.4,30.8,18.7,22.8,36,9.2,8.7,7.1,25.6
"2014:Q1","BabyBoom",53.9,52.4,46.6,45,52.4,62.8,53.9,47.1,43,45.3,32.7,57.5
"2014:Q1","GenX",15.6,18.7,24.6,25.5,15.9,16.6,22,13.6,37.1,38.4,37.7,14.8
"2014:Q1","Millennial",1.6,2.9,4.9,9.2,0.8,1.9,1.3,3.3,10.8,7.6,22.5,2.1
"2014:Q2","Silent",28.2,25.6,23.8,20.2,30.2,18.5,22.4,35,9.6,8.8,7,31
"2014:Q2","BabyBoom",54.4,52.7,46.6,44.8,53,62.8,54.4,47.6,42.3,44.9,32.1,53.4
"2014:Q2","GenX",15.7,18.7,24.5,25.2,16.1,16.6,21.9,13.8,36.8,38.5,37,13.5
"2014:Q2","Millennial",1.7,3.1,5,9.7,0.8,2.1,1.3,3.5,11.3,7.8,23.9,2.1
"2014:Q3","Silent",27.9,25.3,23.3,19.7,30.2,18.4,22.9,34.4,9.5,8.6,6.7,33
"2014:Q3","BabyBoom",54.8,52.9,46.5,45,53.2,62.8,54.6,48.8,41.5,44,31.9,51.7
"2014:Q3","GenX",15.4,18.5,24.7,25.2,15.7,16.5,21.2,13.1,37,38.9,37.1,13.2
"2014:Q3","Millennial",1.9,3.3,5.5,10.1,1,2.4,1.4,3.8,12,8.5,24.3,2.2
"2014:Q4","Silent",27.3,24.8,22.6,19.2,29.7,18.1,22.6,33.3,9.2,8.3,6.7,32.2
"2014:Q4","BabyBoom",55,53,46.3,45,53.6,62.9,55.1,48.5,40.6,43,31.4,51.3
"2014:Q4","GenX",15.7,18.7,25,25.2,15.7,16.3,20.9,14.2,37.3,39.3,36.6,13.9
"2014:Q4","Millennial",2.1,3.6,6.1,10.6,1,2.6,1.4,3.9,12.9,9.4,25.3,2.5
"2015:Q1","Silent",26.9,24.4,22.1,18.7,29.3,18,22.9,32.5,8.9,8,6.6,31.6
"2015:Q1","BabyBoom",55.3,53.2,46.2,45.1,54,62.8,55.3,49.6,39.8,42.1,30.7,51
"2015:Q1","GenX",15.6,18.6,25.3,25.2,15.8,16.5,20.3,13.8,37.6,39.5,37,14.6
"2015:Q1","Millennial",2.2,3.7,6.5,11,1,2.7,1.4,4.1,13.7,10.3,25.6,2.8
"2015:Q2","Silent",26.6,24.1,21.6,18.1,29.2,17.8,23.2,32.1,8.7,7.8,6.3,32.3
"2015:Q2","BabyBoom",55.6,53.3,46.2,45.3,54.2,62.8,55.5,50,39.2,41.3,31,50
"2015:Q2","GenX",15.5,18.6,25.4,25.4,15.6,16.6,19.8,13.3,37.8,39.9,36.9,14.7
"2015:Q2","Millennial",2.4,4,6.8,11.2,1.1,2.9,1.5,4.6,14.3,11.1,25.9,3
"2015:Q3","Silent",26.9,24.3,22,18.1,29.7,17.6,24.7,31.9,8.4,8.1,5.4,27.7
"2015:Q3","BabyBoom",55.6,53.3,46.6,45.4,54.2,62.5,55.1,50.5,39.6,41.6,31.9,51.1
"2015:Q3","GenX",15,18.2,24.9,25.2,14.7,16.8,18.7,12.8,38,39.5,37.6,17.4
"2015:Q3","Millennial",2.5,4.1,6.4,11.3,1.5,3.1,1.5,4.7,14.1,10.8,25.1,3.8
"2015:Q4","Silent",26.3,23.9,22.1,18.3,29.2,17.5,23.8,30.5,8.6,8.2,6,27
"2015:Q4","BabyBoom",55.7,53.4,46.8,45,54.5,62.6,55.8,49.9,39.2,41.5,30.3,50.5
"2015:Q4","GenX",15.3,18.4,24.8,24.9,14.9,16.6,18.9,14.4,37.9,39.5,37.3,18.2
"2015:Q4","Millennial",2.7,4.3,6.4,11.8,1.5,3.4,1.5,5.2,14.4,10.8,26.5,4.3
"2016:Q1","Silent",26,23.6,21.6,17.8,29,17.3,23.7,29.9,8.2,7.8,5.9,25.5
"2016:Q1","BabyBoom",56,53.6,46.6,45.1,54.7,62.5,56,51.2,38.4,40.7,29.6,49.9
"2016:Q1","GenX",15.2,18.3,25,25.1,14.7,16.7,18.7,13.7,38.2,39.7,37.7,19.7
"2016:Q1","Millennial",2.8,4.5,6.8,12.1,1.6,3.5,1.6,5.3,15.2,11.8,26.8,4.9
"2016:Q2","Silent",25.5,23.1,20.9,16.9,28.6,17.1,23.5,29.2,7.9,7.2,5.9,27.3
"2016:Q2","BabyBoom",56.4,53.8,46.1,45.4,55,62.4,56.5,52.3,37.2,39.2,29.5,47.9
"2016:Q2","GenX",15.2,18.4,25.5,25.3,14.9,16.8,18.4,13.1,38.6,40.4,37.4,19.6
"2016:Q2","Millennial",2.9,4.7,7.5,12.4,1.6,3.6,1.6,5.4,16.3,13.1,27.2,5.2
"2016:Q3","Silent",25.2,23,21.9,17.6,28.1,16.9,23.1,28.1,8.4,7.7,5.9,29.9
"2016:Q3","BabyBoom",56.6,54.1,46.3,44.9,55.3,62.4,57,52.9,37.6,40.2,29.1,45.3
"2016:Q3","GenX",15.3,18.3,24.9,24.7,15.1,16.9,18.2,13.5,38.1,39.8,37.3,19.3
"2016:Q3","Millennial",2.8,4.6,6.9,12.8,1.5,3.8,1.6,5.5,15.9,12.3,27.6,5.5
"2016:Q4","Silent",25.1,22.9,21.8,17.8,28.1,16.7,22.8,27.9,8.3,7.9,5.9,27.4
"2016:Q4","BabyBoom",56.4,53.9,47,44.3,55.2,62.5,57.1,51.4,37.9,40.5,29.1,47.5
"2016:Q4","GenX",15.6,18.6,24.7,24.8,15.2,16.8,18.5,14.9,37.9,39.6,37,19.5
"2016:Q4","Millennial",2.9,4.6,6.5,13.1,1.5,4.1,1.6,5.8,15.9,12.1,28,5.5
"2017:Q1","Silent",24.8,22.6,21.6,17.5,28,16.4,22,27.7,8.3,7.8,6.2,27.3
"2017:Q1","BabyBoom",56.5,54,47.1,44,55,62.6,57.4,51.7,37.5,40.3,28,48.6
"2017:Q1","GenX",15.8,18.7,24.8,25.2,15.5,16.8,19,14.8,38,39.8,36.9,18.7
"2017:Q1","Millennial",2.9,4.7,6.5,13.3,1.5,4.2,1.7,5.8,16.1,12.1,28.8,5.4
"2017:Q2","Silent",24.7,22.6,21.8,17.6,28,16.1,21.8,27.7,8.4,7.8,6.2,26.9
"2017:Q2","BabyBoom",56.5,54.1,47.5,43.5,54.9,62.7,57.5,51.5,37.7,40.4,28,49.6
"2017:Q2","GenX",15.9,18.7,24.7,25.2,15.6,17,19.1,14.8,37.8,39.7,36.6,18.2
"2017:Q2","Millennial",2.9,4.6,6.1,13.7,1.4,4.3,1.7,6,16.1,12,29.2,5.4
"2017:Q3","Silent",24.6,22.5,22,17.8,27.9,15.8,21.3,27.6,8.4,8,6.3,26.3
"2017:Q3","BabyBoom",56.5,54.1,47.7,43,54.8,62.8,57.7,51.3,37.8,40.8,27.5,50.4
"2017:Q3","GenX",16,18.8,24.5,25.1,15.9,17,19.3,15,37.7,39.6,36.5,17.9
"2017:Q3","Millennial",2.8,4.5,5.7,14.1,1.4,4.4,1.7,6,16,11.7,29.7,5.3
"2017:Q4","Silent",24.3,22.3,22.3,18.1,27.7,15.5,20.4,27,8.8,8.2,6.6,28.6
"2017:Q4","BabyBoom",56.5,54.2,47.9,42.4,54.8,62.9,58.2,51,38,41.3,27,50
"2017:Q4","GenX",16.3,19,24.4,25.1,16.2,16.9,19.7,15.8,37.3,39.4,35.8,16.4
"2017:Q4","Millennial",2.8,4.5,5.4,14.4,1.3,4.6,1.7,6.2,15.9,11.1,30.6,5
"2018:Q1","Silent",24.3,22.3,22.3,17.8,27.9,15.3,20.7,27,8.8,8.3,6.3,28.6
"2018:Q1","BabyBoom",56.6,54.2,48.1,42.4,54.6,62.8,58,51.8,37.9,41.3,26.7,50.1
"2018:Q1","GenX",16.2,18.9,24.3,25.4,16.1,17.1,19.5,15.1,37.5,39.6,36.1,16.2
"2018:Q1","Millennial",2.9,4.5,5.2,14.4,1.4,4.7,1.7,6.1,15.8,10.9,30.9,5.1
"2018:Q2","Silent",24.2,22.2,22.5,17.8,27.9,15,20.5,26.6,8.8,8.4,6.4,27.2
"2018:Q2","BabyBoom",56.7,54.4,48.4,42.1,54.5,63,58.2,52,38,41.4,26.4,51
"2018:Q2","GenX",16.2,18.9,24.2,25.5,16.2,17.1,19.5,15.1,37.4,39.6,35.7,16.6
"2018:Q2","Millennial",2.9,4.5,4.9,14.6,1.4,4.9,1.8,6.2,15.8,10.7,31.5,5.3
"2018:Q3","Silent",23.8,21.9,22.6,17.9,27.7,14.7,19.2,25.7,8.9,8.4,6.7,27.4
"2018:Q3","BabyBoom",57,54.6,48.6,41.6,54.5,63.2,58.8,52.9,37.9,41.5,25.7,51.2
"2018:Q3","GenX",16.3,19,24.1,25.6,16.5,16.8,20.3,15.3,37.2,39.6,35.2,16.2
"2018:Q3","Millennial",2.9,4.5,4.7,14.9,1.3,5.3,1.8,6.2,16,10.5,32.3,5.2
"2018:Q4","Silent",24.7,22.6,23,17.7,29,14.6,22,27,8.5,8.7,5.2,23.5
"2018:Q4","BabyBoom",56.3,54,48.8,42.1,53.7,62.6,57.5,51.8,38.9,42.1,27.8,53
"2018:Q4","GenX",15.9,18.7,23.9,25.8,15.2,17.6,18.5,14.8,37.4,39.2,36.2,17.7
"2018:Q4","Millennial",3.1,4.7,4.3,14.4,2,5.2,1.9,6.4,15.3,10,30.8,5.8
"2019:Q1","Silent",23.7,21.8,22.3,17.1,28.2,14.3,20,25.5,8.4,8.2,6.1,23.3
"2019:Q1","BabyBoom",56.7,54.3,48.3,41.8,54,63,58.5,52.5,37.6,41.1,25.9,53.3
"2019:Q1","GenX",16.5,19.1,24.5,26.2,16.1,17.3,19.6,15.6,37.6,39.9,35.5,17.6
"2019:Q1","Millennial",3.1,4.8,5,14.8,1.7,5.4,1.9,6.3,16.3,10.9,32.4,5.9
"2019:Q2","Silent",23.5,21.6,22.3,16.9,28.1,14.1,19.5,25.2,8.4,8.1,6.3,23.6
"2019:Q2","BabyBoom",56.9,54.4,48.6,41.6,54,63.1,58.9,52.6,37.4,40.8,25.6,53.3
"2019:Q2","GenX",16.6,19.2,24.4,26.4,16.3,17.3,19.8,15.8,37.6,40,35.1,17.2
"2019:Q2","Millennial",3,4.7,4.8,15,1.6,5.6,1.8,6.4,16.6,11,33,5.9
"2019:Q3","Silent",23.6,21.7,23,17.5,28.1,13.9,19.4,25.2,8.7,8.6,6.2,23.2
"2019:Q3","BabyBoom",57,54.6,49.3,41.2,53.9,63.1,59.1,52.7,38.1,41.9,25.6,53.6
"2019:Q3","GenX",16.4,19,23.8,26.3,16.3,17.3,19.7,15.8,37.2,39.4,35.1,17.2
"2019:Q3","Millennial",2.9,4.6,4,15,1.6,5.7,1.8,6.4,16,10,33.2,6
